_MeanReward,Steps,_mean_obs,_min_obs,_max_obs,_std_obs,_mean_act,_min_act,_max_act,_std_act,_mean_adv,_min_adv,_max_adv,_std_adv,_mean_discrew,_min_discrew,_max_discrew,_std_discrew,_Episode,PolicyLoss,PolicyEntropy,KL,Beta,_lr_multiplier,ValFuncLoss,ExplainedVarNew,ExplainedVarOld
-9.158512157606719,311,-0.014206261188562204,-1.3702779639191527,1.1457763809912986,0.0695125134700741,-0.036852874,-2.2690713,2.1344194,0.41999727,-1.4279395815114553e-17,-2.556270942949016,3.7222526181292426,0.9999927568832901,-0.035306927986038406,-0.13741714565715632,0.05307609762575918,0.0013679922181250312,20,-0.07462292,7.351406,0.012321874,1.5,1.0,0.010011941723612342,-6.212061907682144,-56.45882326521047
