_MeanReward,Steps,_mean_obs,_min_obs,_max_obs,_std_obs,_mean_act,_min_act,_max_act,_std_act,_mean_adv,_min_adv,_max_adv,_std_adv,_mean_discrew,_min_discrew,_max_discrew,_std_discrew,_Episode,PolicyLoss,PolicyEntropy,KL,Beta,_lr_multiplier,ValFuncLoss,ExplainedVarNew,ExplainedVarOld
-226.63916435304787,651,0.005330978874212066,-1.5430631291269314,1.3192433035038027,0.08963113349353634,0.012645232,-2.6068141,2.7464616,0.43606,-1.7463415932659912e-16,-2.5780517225242776,2.3179809924833874,0.9999949770405221,-0.8728929492035145,-2.473210286675888,-0.0028249334143418663,0.34788774972938946,20,-0.14585389,16.534084,0.01773705,1.5,1.0,0.25955991387301036,0.2829319892248696,-0.13562864954797949
