_MeanReward,Steps,_mean_obs,_min_obs,_max_obs,_std_obs,_mean_act,_min_act,_max_act,_std_act,_mean_adv,_min_adv,_max_adv,_std_adv,_mean_discrew,_min_discrew,_max_discrew,_std_discrew,_Episode,PolicyLoss,PolicyEntropy,KL,Beta,_lr_multiplier,ValFuncLoss,ExplainedVarNew,ExplainedVarOld
-101.8836796992159,2791,-0.056147092905381224,-1.8303408904823404,1.4612494403502871,0.10350545686754406,-0.06481914,-2.6155336,2.6132603,0.43292066,-9.165008415393624e-17,-3.0937006072781648,3.4299096489949674,0.9999906029899273,-0.37716110175020695,-1.0047164248915232,0.07176004652617789,0.10506248381862686,20,-0.027900819,7.3292165,0.012321276,1.5,1.0,0.04707136627631966,0.5520593354096492,-0.6928470678884691
-86.57509778187183,2471,0.014502707052796448,-1.3366143425498929,1.7632416840431218,0.08853969099464973,0.001811444,-2.5316567,2.7641294,0.4193535,-1.7253162341402674e-17,-3.6628726629076342,3.76523873485319,0.9999864396420086,-0.32060909867734444,-0.9260762981890385,0.05284670788449863,0.06605837465419162,40,-0.02310385,7.3089414,0.013216975,2.25,1.0,0.0249489495977734,0.6223572810274247,0.22056349745647397
