_MeanReward,Steps,_mean_obs,_min_obs,_max_obs,_std_obs,_mean_act,_min_act,_max_act,_std_act,_mean_adv,_min_adv,_max_adv,_std_adv,_mean_discrew,_min_discrew,_max_discrew,_std_discrew,_Episode,PolicyLoss,PolicyEntropy,KL,Beta,_lr_multiplier,ValFuncLoss,ExplainedVarNew,ExplainedVarOld
-204.41255448294396,5511,0.0018227389494797214,-3.3333333333333335,3.3333333333333335,0.20177482657275117,-0.038630962,-2.6640003,2.9186783,0.42471588,-2.3207710476649978e-17,-4.096354271553117,4.02031584302041,0.9999952152053376,-0.5306685412846208,-0.9547857266948498,0.03351529964406187,0.07537867627654339,20,-0.04900474,7.349468,0.013877752,1.5,1.0,0.026754322496696632,0.6512050934570801,-2.44709937965064
